わかばシューター,スプラッシュボム,グレートバリア,シューター
スプラシューター,キューバンボム,ウルトラショット,シューター
プロモデラーMG,タンサンボム,サメライド,シューター
N-ZAP85,キューバンボム,エナジースタンド,シューター
ボールドマーカー,カーリングボム,ウルトラハンコ,シューター
プライムシューター,ラインマーカー,カニタンク,シューター
.52ガロン,スプラッシュシールド,メガホンレーザー5.1ch,シューター
L3リールガン,カーリングボム,カニタンク,シューター
ジェットスイーパー,ラインマーカー,キューインキ,シューター
シャープマーカー,クイックボム,カニタンク,シューター
.96ガロン,スプリンクラー,キューインキ,シューター
ボトルガイザー,スプラッシュシールド,ウルトラショット,シューター
H3リールガン,ポイントセンサー,エナジースタンド,シューター
ヒーローシューターレプリカ,キューバンボム,ウルトラショット,シューター
スプラローラー,カーリングボム,グレートバリア,ローラー
カーボンローラー,ロボットボム,ショクワンダー,ローラー
ダイナモローラー,スプリンクラー,エナジースタンド,ローラー
ヴァリアブルローラー,トラップ,マルチミサイル,ローラー
スプラチャージャー,スプラッシュボム,キューインキ,チャージャー
スクイックリンα,ポイントセンサー,グレートバリア,チャージャー
スプラスコープ,スプラッシュボム,キューインキ,チャージャー
リッター4K,トラップ,ホップソナー,チャージャー
14式竹筒銃・甲,ロボットボム,メガホンレーザー5.1ch,チャージャー
ソイチューバー,トーピード,マルチミサイル,チャージャー
4Kスコープ,トラップ,ホップソナー,チャージャー
バケットスロッシャー,スプラッシュボム,トリプルトルネード,スロッシャー
ヒッセン,ポイズンミスト,ジェットパック,スロッシャー
スクリュースロッシャー,タンサンボム,ナイスダマ,スロッシャー
オーバーフロッシャー,スプリンクラー,アメフラシ,スロッシャー
エクスプロッシャー,ポイントセンサー,アメフラシ,スロッシャー
バレルスピナー,スプリンクラー,ホップソナー,スピナー
スプラスピナー,クイックボム,ウルトラハンコ,スピナー
ハイドラント,ロボットボム,ナイスダマ,スピナー
ノーチラス47,ポイントセンサー,アメフラシ,スピナー
クーゲルシュライバー,タンサンボム,ジェットパック,スピナー
スプラマニューバー,キューバンボム,カニタンク,マニューバー
デュアルスイーパー,スプラッシュボム,ホップソナー,マニューバー
スパッタリー,ジャンプビーコン,エナジースタンド,マニューバー
クアッドホッパーブラック,ロボットボム,サメライド,マニューバー
ケルビン525,スプラッシュシールド,ナイスダマ,マニューバー
パラシェルター,スプリンクラー,トリプルトルネード,シェルター
キャンピングシェルター,ジャンプビーコン,キューインキ,シェルター
スパイガジェット,トラップ,サメライド,シェルター
ホットブラスター,ロボットボム,グレートバリア,ブラスター
ラピッドブラスター,トラップ,トリプルトルネード,ブラスター
ロングブラスター,キューバンボム,ホップソナー,ブラスター
ノヴァブラスター,スプラッシュボム,ショクワンダー,ブラスター
クラッシュブラスター,スプラッシュボム,ウルトラショット,ブラスター
Rブラスターエリート,ポイズンミスト,キューインキ,ブラスター
ホクサイ,キューバンボム,ショクワンダー,フデ
パブロ,スプラッシュボム,メガホンレーザー5.1ch,フデ
トライストリンガー,ポイズンミスト,メガホンレーザー5.1ch,ストリンガー
LACT-450,カーリングボム,マルチミサイル,ストリンガー
ドライブワイパー,トーピード,ウルトラハンコ,ワイパー
ジムワイパー,クイックボム,ショクワンダー,ワイパー
もみじシューター,トーピード,ホップソナー,シューター
スペースシューター,ポイントセンサー,メガホンレーザー5.1ch,シューター
スプラシューターコラボ,スプラッシュボム,トリプルトルネード,シューター
バケットスロッシャー,ラインマーカー,ショクワンダー,スロッシャー
R-PEN/5H,スプリンクラー,エナジースタンド,チャージャー
パブロ・ヒュー,トラップ,ウルトラハンコ,フデ
ワイドローラー,スプラッシュシールド,キューインキ,ローラー
プロモデラーRG,スプリンクラー,ナイスダマ,シューター
プライムシューターコラボ,キューバンボム,ナイスダマ,シューター
カーボンローラーデコ,クイックボム,ウルトラショット,ローラー
ノヴァブラスターネオ,タンサンボム,ウルトラハンコ,ブラスター
スプラスピナーコラボ,ポイズンミスト,グレートバリア,スピナー
スパッタリー・ヒュー,トーピード,サメライド,マニューバー
スプラローラーコラボ,ジャンプビーコン,テイオウイカ,ローラー
.96ガロンデコ,スプラッシュシールド,テイオウイカ,シューター
N-ZAP89,ロボットボム,デコイチラシ,シューター
クラッシュブラスターネオ,カーリングボム,デコイチラシ,ブラスター
スプラチャージャーコラボ,スプラッシュシールド,トリプルトルネード,チャージャー
スプラスコープコラボ,スプラッシュシールド,トリプルトルネード,チャージャー
L3リールガンD,クイックボム,ウルトラハンコ,シューター
ラピッドブラスターデコ,トーピード,ジェットパック,ブラスター
シャープマーカーネオ,キューバンボム,トリプルトルネード,シューター
ジェットスイーパーカスタム,ポイズンミスト,アメフラシ,シューター
ヒッセン・ヒュー,タンサンボム,エナジースタンド,スロッシャー
ボールドマーカーネオ,ジャンプビーコン,メガホンレーザー5.1ch,シューター